Player Name,Rally #,Point #,Shot # of Rally,Shot Type,Stroke,Speed (km/h),Bounce (x),Bounce (y),Height (cm),Hit (x),Hit (y),Direction,Context,Outcome,Video Time
isaac stahly,2,2,1,SERVE,AD,137.8,1157.9,577.95,138.2,3053.3,983.9,WIDE,FAULT,OUT_LONG,00:01:27
isaac stahly,3,2,1,SERVE,AD,118.7,1081.16,530.7,99.4,3055.4,987.2,WIDE,DOUBLE_FAULT,OUT_LONG,00:01:34
isaac stahly,4,3,1,SERVE,DEUCE,133.6,1296.56,1134.97,122.5,3063.3,787.1,BODY,DURING_RALLY,IN,00:01:52
Alessandro  Santangelo,4,3,2,GROUNDSTROKE,FOREHAND,101.8,0,0,46.5,595.7,1250.4,,ERROR,IN_NET,00:01:53
isaac stahly,5,4,1,SERVE,AD,138.4,1241.9,873.69,124.2,3034.4,1007.5,DOWN_THE_T,ACE,IN,00:02:12
isaac stahly,6,5,1,SERVE,DEUCE,149.2,1010.51,1020.73,154.3,3048.5,796.1,DOWN_THE_T,FAULT,OUT_LONG,00:02:28
isaac stahly,7,5,1,SERVE,DEUCE,126.2,1314.68,1024.29,134.2,3044.6,786.2,DOWN_THE_T,DURING_RALLY,IN,00:02:35
Alessandro  Santangelo,7,5,2,GROUNDSTROKE,BACKHAND,89,2699.02,950.11,184.5,666.5,1219.1,INSIDE_IN,DURING_RALLY,IN,00:02:36
isaac stahly,7,5,3,GROUNDSTROKE,FOREHAND,94,1259.06,840.1,125.3,3152,996.7,INSIDE_OUT,DURING_RALLY,IN,00:02:37
Alessandro  Santangelo,7,5,4,GROUNDSTROKE,BACKHAND,93.1,2875.85,1133.15,205.9,599.4,983.4,INSIDE_IN,DURING_RALLY,IN,00:02:39
isaac stahly,7,5,5,GROUNDSTROKE,BACKHAND,95.8,1112.86,809.06,145.5,3256.8,1085.5,CROSS,DURING_RALLY,IN,00:02:41
Alessandro  Santangelo,7,5,6,GROUNDSTROKE,BACKHAND,106.8,2640.27,982.53,132.6,584.9,850,CROSS,DURING_RALLY,IN,00:02:42
isaac stahly,7,5,7,GROUNDSTROKE,BACKHAND,94.1,0,0,94.5,3159.2,994.9,CENTER,ERROR,,00:02:43
isaac stahly,8,6,1,SERVE,AD,129.2,1346.31,813.91,99.2,3045.5,982.8,DOWN_THE_T,DURING_RALLY,IN,00:03:04
Alessandro  Santangelo,8,6,2,GROUNDSTROKE,FOREHAND,93.3,2890.21,1172.87,197.8,622.8,706.4,INSIDE_OUT,DURING_RALLY,IN,00:03:05
isaac stahly,8,6,3,GROUNDSTROKE,BACKHAND,84.4,1134.69,901.27,189.1,3107.8,1134.7,CENTER,DURING_RALLY,IN,00:03:06
Alessandro  Santangelo,8,6,4,GROUNDSTROKE,FOREHAND,111.5,2784.5,634.8,156.5,582.8,768.4,INSIDE_IN,DURING_RALLY,IN,00:03:08
isaac stahly,8,6,5,GROUNDSTROKE,FOREHAND,110.8,1021.06,744.74,154.6,3195.5,792.5,LONGLINE,DURING_RALLY,IN,00:03:09
Alessandro  Santangelo,8,6,6,GROUNDSTROKE,BACKHAND,102.5,3047.46,1192.12,215.1,609.1,916.6,CENTER,ERROR,OUT_LONG,00:03:10
isaac stahly,9,7,1,SERVE,DEUCE,141.5,1333.54,1371.27,121.7,3031.6,801.2,OUT_WIDE,FAULT,OUT_WIDE,00:03:32
isaac stahly,10,7,1,SERVE,DEUCE,110.5,1456.92,1027.14,114.6,3047.4,806.4,DOWN_THE_T,DURING_RALLY,IN,00:03:42
Alessandro  Santangelo,10,7,2,GROUNDSTROKE,BACKHAND,100.5,2773.32,1079.55,192.6,708.2,1267.8,INSIDE_IN,DURING_RALLY,IN,00:03:43
isaac stahly,10,7,3,GROUNDSTROKE,BACKHAND,101,940.19,1017.49,168.5,3177.4,970.4,LONGLINE,DURING_RALLY,IN,00:03:44
Alessandro  Santangelo,10,7,4,GROUNDSTROKE,FOREHAND,101.9,2673.3,878,169.2,535.6,977.1,CROSS,DURING_RALLY,IN,00:03:46
isaac stahly,10,7,5,GROUNDSTROKE,FOREHAND,117.5,0,0,63.1,3277.3,952.6,,ERROR,IN_NET,00:03:47
Alessandro  Santangelo,12,9,1,SERVE,DEUCE,135.8,1158.47,1039.55,148.9,3106,691.1,DOWN_THE_T,FAULT,OUT_LONG,00:04:27
Alessandro  Santangelo,13,9,1,SERVE,DEUCE,127.1,1405.89,990.17,101.3,3069.2,738.3,DOWN_THE_T,DURING_RALLY,IN,00:04:41
isaac stahly,13,9,2,GROUNDSTROKE,BACKHAND,80,2496.03,775.31,236,563,1291,INSIDE_OUT,DURING_RALLY,IN,00:04:42
Alessandro  Santangelo,13,9,3,GROUNDSTROKE,FOREHAND,105.9,1191.33,604.14,121,3081.8,766.1,LONGLINE,DURING_RALLY,IN,00:04:44
isaac stahly,13,9,4,GROUNDSTROKE,BACKHAND,74.2,2233.21,1036.69,106.7,521.9,799.8,CROSS,DURING_RALLY,IN,00:04:45
Alessandro  Santangelo,13,9,5,GROUNDSTROKE,BACKHAND,90.9,1041.61,1153.41,108.3,2939.5,1129.8,LONGLINE,DURING_RALLY,IN,00:04:47
isaac stahly,13,9,6,GROUNDSTROKE,FOREHAND,104.7,3475.23,828.45,281.1,644.4,1049.6,CROSS,ERROR,OUT_LONG,00:04:48
Alessandro  Santangelo,14,10,1,SERVE,AD,132.3,1384.42,847.35,0,3096.2,1036,DOWN_THE_T,DURING_RALLY,IN,00:05:11
isaac stahly,14,10,2,GROUNDSTROKE,FOREHAND,44.4,0,0,0,544,747.6,CENTER,ERROR,,00:05:12
Alessandro  Santangelo,15,11,1,SERVE,DEUCE,139.4,1315.82,1015.02,121.4,3067,721.6,DOWN_THE_T,DURING_RALLY,IN,00:05:25
isaac stahly,15,11,2,GROUNDSTROKE,BACKHAND,71.7,2840.68,1024.77,400.1,506.4,1318.1,INSIDE_IN,DURING_RALLY,IN,00:05:26
Alessandro  Santangelo,15,11,3,GROUNDSTROKE,FOREHAND,122.5,1017.27,1207.53,162.1,3209.6,1120.4,INSIDE_IN,DURING_RALLY,IN,00:05:29
isaac stahly,15,11,4,GROUNDSTROKE,FOREHAND,103.9,2665.72,1011.87,155.1,501.6,1122.8,LONGLINE,DURING_RALLY,IN,00:05:30
Alessandro  Santangelo,15,11,5,GROUNDSTROKE,FOREHAND,98.9,899.82,572.61,169.8,3188,1017.8,INSIDE_OUT,DURING_RALLY,IN,00:05:31
isaac stahly,15,11,6,GROUNDSTROKE,BACKHAND,58.4,2260.04,854.38,176.3,530.5,750.7,LONGLINE,DURING_RALLY,IN,00:05:33
Alessandro  Santangelo,15,11,7,GROUNDSTROKE,FOREHAND,126.1,994.86,1202.15,124.6,2784.9,1039.6,INSIDE_IN,WINNER,IN,00:05:35
Alessandro  Santangelo,16,12,1,SERVE,AD,157.9,0,0,77.9,3067.4,1071.7,,FAULT,IN_NET,00:05:52
Alessandro  Santangelo,17,12,1,SERVE,AD,117,1283.39,579.86,129.9,3061,1061.6,WIDE,DURING_RALLY,IN,00:05:59
isaac stahly,17,12,2,GROUNDSTROKE,BACKHAND,113,2367.02,1078.91,132.9,576.5,618.6,CROSS,DURING_RALLY,IN,00:06:00
Alessandro  Santangelo,17,12,3,GROUNDSTROKE,BACKHAND,94.8,717.35,668.05,174.5,3031.6,1188.3,CROSS,DURING_RALLY,IN,00:06:02
isaac stahly,17,12,4,GROUNDSTROKE,BACKHAND,50.9,2049.86,709.28,115.4,567.2,757.5,LONGLINE,DURING_RALLY,IN,00:06:03
Alessandro  Santangelo,17,12,5,GROUNDSTROKE,FOREHAND,45.6,1426.26,1164.15,147.9,2749,822.5,CROSS,DURING_RALLY,IN,00:06:05
isaac stahly,17,12,6,GROUNDSTROKE,FOREHAND,84.7,3110.57,447.14,205.3,890.3,1152.9,CROSS,ERROR,OUT_LONG,00:06:07
isaac stahly,18,13,1,SERVE,DEUCE,97,0,0,81.8,661.2,1044.1,,FAULT,IN_NET,00:06:31
isaac stahly,19,13,1,SERVE,DEUCE,107,2372.33,801.25,126.6,654.9,1039,DOWN_THE_T,DURING_RALLY,IN,00:06:37
Alessandro  Santangelo,19,13,2,GROUNDSTROKE,BACKHAND,91.1,836.29,558.41,199.5,3069.2,543.1,INSIDE_IN,DURING_RALLY,IN,00:06:38
isaac stahly,19,13,3,GROUNDSTROKE,BACKHAND,75.2,2485.42,1026.69,167,612.5,799.7,CROSS,DURING_RALLY,IN,00:06:39
Alessandro  Santangelo,19,13,4,GROUNDSTROKE,BACKHAND,102.7,685.41,651.22,170.4,3016.3,1084,CROSS,DURING_RALLY,IN,00:06:41
isaac stahly,19,13,5,GROUNDSTROKE,BACKHAND,71.3,3128.52,1111.02,362.8,639,777.8,CROSS,ERROR,OUT_LONG,00:06:42
isaac stahly,20,14,1,SERVE,AD,137,2475.45,992.14,131.1,652.1,872.7,DOWN_THE_T,DURING_RALLY,IN,00:06:56
Alessandro  Santangelo,20,14,2,GROUNDSTROKE,FOREHAND,59.9,1206.4,831.61,235.7,3086.6,1148.6,INSIDE_OUT,DURING_RALLY,IN,00:06:56
isaac stahly,20,14,3,GROUNDSTROKE,FOREHAND,101.9,2631.23,1015.46,180.1,702.7,702.6,INSIDE_OUT,DURING_RALLY,IN,00:06:58
Alessandro  Santangelo,20,14,4,GROUNDSTROKE,BACKHAND,101.3,1043.06,673.56,151.7,3235,1014.9,CROSS,DURING_RALLY,IN,00:07:00
isaac stahly,20,14,5,GROUNDSTROKE,BACKHAND,111.6,2579.4,1033.34,112.5,616.8,721.9,CROSS,DURING_RALLY,IN,00:07:01
Alessandro  Santangelo,20,14,6,GROUNDSTROKE,BACKHAND,102.7,1020.89,1248.52,132.3,3206.3,1080.1,LONGLINE,WINNER,IN,00:07:02
isaac stahly,21,15,1,SERVE,DEUCE,140.2,2498.85,717.12,121.8,660.6,1044.9,BODY,FAULT,OUT_LONG,00:07:20
isaac stahly,22,15,1,SERVE,DEUCE,117.5,2282.42,782.79,109.6,660.3,1063.9,BODY,DURING_RALLY,IN,00:07:29
Alessandro  Santangelo,22,15,2,GROUNDSTROKE,BACKHAND,89.9,810.9,1156.99,194.9,3029.1,530.3,INSIDE_OUT,DURING_RALLY,IN,00:07:30
isaac stahly,22,15,3,GROUNDSTROKE,FOREHAND,89.5,2712.8,1216.27,218.7,612.2,1128.6,LONGLINE,DURING_RALLY,IN,00:07:31
Alessandro  Santangelo,22,15,4,GROUNDSTROKE,BACKHAND,68.4,1020.56,572.62,244.3,3198,1093.5,CROSS,DURING_RALLY,IN,00:07:33
isaac stahly,22,15,5,GROUNDSTROKE,BACKHAND,104,3238.17,1164.67,207.7,653.4,577.5,CROSS,ERROR,OUT_LONG,00:07:35
isaac stahly,23,16,1,SERVE,AD,133.7,2320.55,946.49,105.5,660.1,861.5,DOWN_THE_T,ACE,IN,00:07:53
isaac stahly,24,17,1,SERVE,DEUCE,97.9,0,0,88.3,655.5,1047.5,,FAULT,IN_NET,00:08:07
isaac stahly,25,17,1,SERVE,DEUCE,117.2,2307.42,750.11,111.1,650.9,1033.1,BODY,DURING_RALLY,IN,00:08:13
Alessandro  Santangelo,25,17,2,GROUNDSTROKE,BACKHAND,92.6,840.37,658.65,171.5,3027.7,533.9,INSIDE_IN,DURING_RALLY,IN,00:08:14
isaac stahly,25,17,3,GROUNDSTROKE,BACKHAND,93.4,2317.13,783.25,100.5,571.7,840.7,LONGLINE,DURING_RALLY,IN,00:08:15
Alessandro  Santangelo,25,17,4,GROUNDSTROKE,FOREHAND,105.7,1698.9,447.75,104.9,3061.8,929.2,CENTER,ERROR,OUT_WIDE,00:08:16
isaac stahly,26,18,1,SERVE,AD,139.1,2348.21,945.67,109.6,673.1,873.8,DOWN_THE_T,DURING_RALLY,IN,00:08:40
Alessandro  Santangelo,26,18,2,GROUNDSTROKE,FOREHAND,77.8,959.37,966.9,228.5,3084.8,1129,INSIDE_IN,DURING_RALLY,IN,00:08:40
isaac stahly,26,18,3,GROUNDSTROKE,FOREHAND,78.8,2890.24,785.6,319.9,686.3,900.9,CENTER,DURING_RALLY,IN,00:08:42
Alessandro  Santangelo,26,18,4,GROUNDSTROKE,FOREHAND,100.5,1015.71,718.13,182.1,3224.8,866.2,LONGLINE,DURING_RALLY,IN,00:08:44
isaac stahly,26,18,5,GROUNDSTROKE,BACKHAND,93,2680.7,944.85,188.1,537.9,867.8,CROSS,DURING_RALLY,IN,00:08:45
Alessandro  Santangelo,26,18,6,GROUNDSTROKE,FOREHAND,109.4,1028.48,1258.77,153.3,3232.9,1123.1,INSIDE_IN,DURING_RALLY,IN,00:08:47
isaac stahly,26,18,7,GROUNDSTROKE,FOREHAND,108.4,0,0,72.6,438.7,1154,,ERROR,IN_NET,00:08:48
Alessandro  Santangelo,27,19,1,SERVE,DEUCE,128.2,2423.74,696.1,130.4,636.5,1088.5,BODY,DURING_RALLY,IN,00:09:56
isaac stahly,27,19,2,GROUNDSTROKE,FOREHAND,95.2,1040.12,869.5,168.1,3135.9,612.8,LONGLINE,DURING_RALLY,IN,00:09:57
Alessandro  Santangelo,27,19,3,GROUNDSTROKE,FOREHAND,106,2710.25,1265.94,155.7,552.6,921.3,CENTER,DURING_RALLY,IN,00:09:58
isaac stahly,27,19,4,GROUNDSTROKE,BACKHAND,67,0,0,71.1,3243,1201.3,,ERROR,IN_NET,00:10:00
Alessandro  Santangelo,28,20,1,SERVE,AD,131.4,2342.62,1201.37,114.9,657.6,810.8,OUT_WIDE,DURING_RALLY,IN,00:10:15
isaac stahly,28,20,2,GROUNDSTROKE,BACKHAND,69.1,780.47,1251.88,310.5,3246.7,1281,LONGLINE,DURING_RALLY,IN,00:10:16
Alessandro  Santangelo,28,20,3,GROUNDSTROKE,FOREHAND,131,2434.76,734.5,148.1,511.1,1153.2,CROSS,DURING_RALLY,IN,00:10:18
isaac stahly,28,20,4,GROUNDSTROKE,FOREHAND,117.9,933.62,688.71,147.6,3189.8,705.3,LONGLINE,DURING_RALLY,IN,00:10:20
Alessandro  Santangelo,28,20,5,GROUNDSTROKE,BACKHAND,84.4,2821.2,1107.82,217.9,546.8,914.2,CENTER,DURING_RALLY,IN,00:10:21
isaac stahly,28,20,6,GROUNDSTROKE,FOREHAND,118.7,692.25,515.04,215.9,3144.2,1259.2,INSIDE_OUT,ERROR,IN,00:10:23
Alessandro  Santangelo,29,21,1,SERVE,DEUCE,128.5,2521.13,829.5,142.3,646.9,1100.1,DOWN_THE_T,FAULT,OUT_LONG,00:10:44
Alessandro  Santangelo,30,21,1,SERVE,DEUCE,123.8,0,0,89.7,642.4,1089.9,,DOUBLE_FAULT,IN_NET,00:10:52
Alessandro  Santangelo,31,22,1,SERVE,AD,135.4,2492.17,952.05,134.8,638.9,786.6,DOWN_THE_T,FAULT,OUT_LONG,00:11:09
Alessandro  Santangelo,32,22,1,SERVE,AD,137.7,2395.08,1275.29,132.8,669.6,808.7,WIDE,DURING_RALLY,IN,00:11:18
isaac stahly,32,22,2,GROUNDSTROKE,BACKHAND,60.4,1066.17,1016.17,300.3,3203.4,1332.9,LONGLINE,DURING_RALLY,IN,00:11:19
Alessandro  Santangelo,32,22,3,GROUNDSTROKE,FOREHAND,135,2395.45,672.55,102.2,579.1,867,INSIDE_IN,DURING_RALLY,IN,00:11:21
isaac stahly,32,22,4,GROUNDSTROKE,FOREHAND,103.2,0,0,66.1,3183.3,779.6,,ERROR,IN_NET,00:11:22
Alessandro  Santangelo,33,23,1,SERVE,DEUCE,129.9,2286.14,809.81,102.4,649.4,1091.5,DOWN_THE_T,DURING_RALLY,IN,00:11:47
isaac stahly,33,23,2,GROUNDSTROKE,BACKHAND,64.3,900.08,1092.75,305.4,3150.3,589.5,INSIDE_OUT,DURING_RALLY,IN,00:11:48
Alessandro  Santangelo,33,23,3,GROUNDSTROKE,FOREHAND,116.6,2710.88,638.37,178.4,578.5,1089.5,CROSS,DURING_RALLY,IN,00:11:50
isaac stahly,33,23,4,GROUNDSTROKE,FOREHAND,100.6,0,0,86.6,3157.7,703.8,,ERROR,IN_NET,00:11:52
isaac stahly,34,24,1,SERVE,DEUCE,132.9,1177.49,1213.51,135,3035.6,800.2,WIDE,FAULT,OUT_LONG,00:12:13
isaac stahly,35,24,1,SERVE,DEUCE,127.5,1413.54,1058.38,106.5,3041.5,795.9,BODY,DURING_RALLY,IN,00:12:22
Alessandro  Santangelo,35,24,2,GROUNDSTROKE,FOREHAND,90,0,0,60.6,647.5,1239.5,,ERROR,IN_NET,00:12:23
isaac stahly,36,25,1,SERVE,AD,148.9,1351.9,834.19,105.4,3041.8,984.6,DOWN_THE_T,DURING_RALLY,IN,00:12:42
Alessandro  Santangelo,36,25,2,GROUNDSTROKE,FOREHAND,105.6,3168.05,1256.04,258.3,627.9,707.3,INSIDE_OUT,ERROR,OUT_LONG,00:12:43
isaac stahly,37,26,1,SERVE,DEUCE,162.4,1401.33,1272.12,106.9,3044.1,789.4,OUT_WIDE,ACE,IN,00:12:59
isaac stahly,38,27,1,SERVE,AD,132.4,1369.64,794.22,106.3,3036.9,985.3,DOWN_THE_T,DURING_RALLY,IN,00:13:14
Alessandro  Santangelo,38,27,2,GROUNDSTROKE,FOREHAND,106.8,2624.62,1053.7,168.5,603.4,706,INSIDE_OUT,DURING_RALLY,IN,00:13:15
isaac stahly,38,27,3,GROUNDSTROKE,BACKHAND,77.6,1282.29,1041.29,153,3056.6,1034.3,LONGLINE,DURING_RALLY,IN,00:13:16
Alessandro  Santangelo,38,27,4,GROUNDSTROKE,FOREHAND,115.2,2877.86,619.18,166.7,654.4,959.4,CROSS,DURING_RALLY,IN,00:13:18
isaac stahly,38,27,5,GROUNDSTROKE,FOREHAND,78.6,854.45,1529.32,373.5,3200.7,740.9,CROSS,ERROR,OUT_WIDE,00:13:19
isaac stahly,39,28,1,SERVE,DEUCE,169.5,981.77,1129.65,98.7,3030,821.6,BODY,FAULT,OUT_LONG,00:13:34
isaac stahly,40,28,1,SERVE,DEUCE,124.7,1354.89,1141.78,125.9,3044.7,816.2,BODY,DURING_RALLY,IN,00:13:41
Alessandro  Santangelo,40,28,2,GROUNDSTROKE,FOREHAND,109.6,2845.1,1011.34,166.3,651.5,1246,LONGLINE,DURING_RALLY,IN,00:13:42
isaac stahly,40,28,3,GROUNDSTROKE,BACKHAND,69.7,1464.03,937.86,142.1,3125.6,914.9,CENTER,DURING_RALLY,IN,00:13:43
Alessandro  Santangelo,40,28,4,GROUNDSTROKE,FOREHAND,79.6,2989.66,559.08,195.7,692.1,864,INSIDE_IN,DURING_RALLY,IN,00:13:45
isaac stahly,40,28,5,GROUNDSTROKE,FOREHAND,42.9,0,0,0,3072.4,763,CENTER,ERROR,,00:13:46
isaac stahly,41,29,1,SERVE,AD,144.2,1265.9,562.2,118.7,3039,994.7,WIDE,DURING_RALLY,IN,00:14:14
Alessandro  Santangelo,41,29,2,GROUNDSTROKE,BACKHAND,72.1,0,0,12.3,650.7,611.1,,ERROR,IN_NET,00:14:15
Alessandro  Santangelo,42,30,1,SERVE,DEUCE,147.8,0,0,88.3,3082.1,727,,FAULT,IN_NET,00:14:54
Alessandro  Santangelo,43,30,1,SERVE,DEUCE,134.6,1229.97,1138.35,136.1,3076.8,732.2,BODY,DURING_RALLY,IN,00:15:09
isaac stahly,43,30,2,GROUNDSTROKE,FOREHAND,113.4,0,0,4.7,643.9,1292,,ERROR,IN_NET,00:15:10
Alessandro  Santangelo,44,31,1,SERVE,AD,129.6,1369.03,682.63,110,3125.7,1022.7,BODY,DURING_RALLY,IN,00:15:26
isaac stahly,44,31,2,GROUNDSTROKE,FOREHAND,87.3,2443.65,913.83,177.5,560.8,612.6,CENTER,DURING_RALLY,IN,00:15:27
Alessandro  Santangelo,44,31,3,GROUNDSTROKE,FOREHAND,124,919.73,524.13,134.9,3002.5,1060.9,INSIDE_OUT,ERROR,IN,00:15:29
Alessandro  Santangelo,45,32,1,SERVE,DEUCE,143.1,1198,979.18,135,3076,721.9,DOWN_THE_T,DURING_RALLY,IN,00:15:46
isaac stahly,45,32,2,GROUNDSTROKE,BACKHAND,81.6,2966.95,1085.95,273.1,602.8,1261.9,INSIDE_IN,DURING_RALLY,IN,00:15:47
Alessandro  Santangelo,45,32,3,GROUNDSTROKE,BACKHAND,108.2,706.02,704.43,201,3161.2,1038.1,CROSS,DURING_RALLY,IN,00:15:48
isaac stahly,45,32,4,GROUNDSTROKE,BACKHAND,83,2389.41,811,122.8,556.2,787.9,LONGLINE,DURING_RALLY,IN,00:15:50
Alessandro  Santangelo,45,32,5,GROUNDSTROKE,FOREHAND,115.5,1082.93,1172.51,122.3,3081.2,939.9,CENTER,DURING_RALLY,IN,00:15:51
isaac stahly,45,32,6,GROUNDSTROKE,FOREHAND,112.8,2728.79,1209.88,181,474.8,1125.1,LONGLINE,DURING_RALLY,IN,00:15:52
Alessandro  Santangelo,45,32,7,GROUNDSTROKE,BACKHAND,98,532.43,618.39,205.9,3168.1,1057.9,CROSS,ERROR,OUT_LONG,00:15:54
Alessandro  Santangelo,46,33,1,SERVE,AD,158.3,0,0,93.5,3080,1047.5,,FAULT,IN_NET,00:16:09
Alessandro  Santangelo,47,33,1,SERVE,AD,142.5,1310.67,565.97,121.9,3065.5,1055.6,WIDE,DURING_RALLY,IN,00:16:16
isaac stahly,47,33,2,GROUNDSTROKE,BACKHAND,87.9,2826.13,931.18,305.7,595.1,609,CENTER,DURING_RALLY,IN,00:16:17
Alessandro  Santangelo,47,33,3,GROUNDSTROKE,FOREHAND,112.7,1016.31,623.73,156.7,3179.3,1089.4,INSIDE_OUT,DURING_RALLY,IN,00:16:19
isaac stahly,47,33,4,GROUNDSTROKE,BACKHAND,27.5,0,0,0,523.8,780.5,CENTER,ERROR,,00:16:21
Alessandro  Santangelo,48,34,1,SERVE,DEUCE,146.3,0,0,67.4,3058.5,735.8,,FAULT,IN_NET,00:16:45
Alessandro  Santangelo,49,34,1,SERVE,DEUCE,135.8,1314.35,1205.74,117,3074.2,730,OUT_WIDE,DURING_RALLY,IN,00:16:52
isaac stahly,49,34,2,GROUNDSTROKE,FOREHAND,107.8,0,0,58.8,542.9,1325.5,,ERROR,IN_NET,00:16:53
Alessandro  Santangelo,50,35,1,SERVE,AD,134.6,1384.35,784.03,105.4,3109.7,1043.2,BODY,DURING_RALLY,IN,00:17:16
isaac stahly,50,35,2,GROUNDSTROKE,FOREHAND,89.9,2760.12,1214.85,288.8,545.9,695.6,INSIDE_OUT,DURING_RALLY,IN,00:17:17
Alessandro  Santangelo,50,35,3,GROUNDSTROKE,BACKHAND,90.4,905.29,650.59,183.6,3078.2,1214.8,CROSS,DURING_RALLY,IN,00:17:18
isaac stahly,50,35,4,GROUNDSTROKE,BACKHAND,109.1,3093.8,903.13,217.3,587.7,701.4,CENTER,ERROR,OUT_LONG,00:17:20
isaac stahly,51,36,1,SERVE,DEUCE,145.1,2360.75,815.25,105.9,665.4,1040.2,DOWN_THE_T,DURING_RALLY,IN,00:17:36
Alessandro  Santangelo,51,36,2,GROUNDSTROKE,BACKHAND,87.4,1096.26,766,154,3115,589.5,INSIDE_IN,DURING_RALLY,IN,00:17:37
isaac stahly,51,36,3,GROUNDSTROKE,BACKHAND,52.9,0,0,18.5,662.5,843.4,,ERROR,IN_NET,00:17:38
isaac stahly,52,37,1,SERVE,AD,141.1,2315.52,1123.45,100,657.8,864.3,BODY,DURING_RALLY,IN,00:17:49
Alessandro  Santangelo,52,37,2,GROUNDSTROKE,BACKHAND,79.5,1117.45,568.64,189.4,3125.8,1183.4,CROSS,DURING_RALLY,IN,00:17:49
isaac stahly,52,37,3,GROUNDSTROKE,BACKHAND,102.3,2387.98,935.7,106.1,691,572.1,CENTER,DURING_RALLY,IN,00:17:51
Alessandro  Santangelo,52,37,4,GROUNDSTROKE,BACKHAND,94.7,795.62,675.65,178.4,3129.6,1059.6,CROSS,DURING_RALLY,IN,00:17:52
isaac stahly,52,37,5,GROUNDSTROKE,BACKHAND,76,2568.57,627.22,194.7,621.6,779.1,LONGLINE,DURING_RALLY,IN,00:17:54
Alessandro  Santangelo,52,37,6,GROUNDSTROKE,FOREHAND,105.4,868.37,575.73,165.2,3142.6,745.8,LONGLINE,WINNER,IN,00:17:56
isaac stahly,53,38,1,SERVE,DEUCE,154.5,0,0,65.1,654.5,1045.1,,FAULT,IN_NET,00:18:08
isaac stahly,54,38,1,SERVE,DEUCE,125.7,2323.6,752.92,113.7,652.8,1030.6,BODY,DURING_RALLY,IN,00:18:14
Alessandro  Santangelo,54,38,2,GROUNDSTROKE,FOREHAND,86.1,0,0,89.2,2992.6,626.4,,ERROR,IN_NET,00:18:15
isaac stahly,55,39,1,SERVE,AD,122.3,2257.56,1168.97,107.1,651.8,865.6,BODY,DURING_RALLY,IN,00:18:43
Alessandro  Santangelo,55,39,2,GROUNDSTROKE,BACKHAND,86.9,0,0,34.1,3083.6,1190.6,,ERROR,IN_NET,00:18:44
isaac stahly,56,40,1,SERVE,DEUCE,137.7,2424.58,616.56,117.6,656.9,1042.2,WIDE,DURING_RALLY,IN,00:19:04
Alessandro  Santangelo,56,40,2,GROUNDSTROKE,FOREHAND,89.9,744.43,1127.94,225.5,3038.8,566.5,CROSS,DURING_RALLY,IN,00:19:05
isaac stahly,56,40,3,GROUNDSTROKE,FOREHAND,82.7,3116.5,825.98,314.3,622.7,1069.5,CROSS,WINNER,OUT_LONG,00:19:06
isaac stahly,57,41,1,SERVE,AD,137.9,2311.36,1182.59,103.9,657.1,860.3,BODY,DURING_RALLY,IN,00:19:18
Alessandro  Santangelo,57,41,2,GROUNDSTROKE,BACKHAND,91.6,968.68,577.16,200.8,3150.7,1224,CROSS,DURING_RALLY,IN,00:19:18
isaac stahly,57,41,3,GROUNDSTROKE,BACKHAND,95.6,2543.38,930.36,128,694.2,617.8,CENTER,DURING_RALLY,IN,00:19:20
Alessandro  Santangelo,57,41,4,GROUNDSTROKE,BACKHAND,92.4,1233.5,764.46,111,3132.5,1025.7,CROSS,DURING_RALLY,IN,00:19:21
isaac stahly,57,41,5,GROUNDSTROKE,BACKHAND,87.2,2391.19,855.58,123.7,607,798.2,LONGLINE,DURING_RALLY,IN,00:19:23
Alessandro  Santangelo,57,41,6,GROUNDSTROKE,FOREHAND,101.1,941.12,1174.02,153.3,3072.1,983.2,INSIDE_IN,DURING_RALLY,IN,00:19:24
isaac stahly,57,41,7,GROUNDSTROKE,FOREHAND,96.4,2962.08,778.06,293,490.3,1122.8,CROSS,DURING_RALLY,IN,00:19:25
Alessandro  Santangelo,57,41,8,GROUNDSTROKE,FOREHAND,91.3,818.05,1324.9,233.2,3111.9,862.4,CROSS,DURING_RALLY,IN,00:19:27
isaac stahly,57,41,9,GROUNDSTROKE,FOREHAND,54.8,2318.38,971.68,440.4,488.1,1199.8,LONGLINE,DURING_RALLY,IN,00:19:29
Alessandro  Santangelo,57,41,10,GROUNDSTROKE,FOREHAND,99.8,916.04,531.86,150.9,2712.9,960.8,INSIDE_OUT,WINNER,IN,00:19:32
isaac stahly,58,42,1,SERVE,DEUCE,159.3,0,0,79.9,659,1045.7,,FAULT,IN_NET,00:19:51
isaac stahly,59,42,1,SERVE,DEUCE,123.8,2455,726.85,139.6,654.9,1041.9,BODY,DURING_RALLY,IN,00:19:58
Alessandro  Santangelo,59,42,2,GROUNDSTROKE,FOREHAND,74.8,1442.91,781.83,111.4,3025.1,616.7,LONGLINE,DURING_RALLY,IN,00:19:59
isaac stahly,59,42,3,GROUNDSTROKE,BACKHAND,74.7,2627.57,915.1,142.2,672.4,939.6,CENTER,DURING_RALLY,IN,00:20:00
Alessandro  Santangelo,59,42,4,GROUNDSTROKE,FOREHAND,102,0,0,85.9,3027.1,1009.4,,ERROR,IN_NET,00:20:02
Alessandro  Santangelo,62,45,1,SERVE,AD,147,2473.3,1238.65,139.3,661.4,810.5,WIDE,DURING_RALLY,IN,00:21:12
Alessandro  Santangelo,63,45,1,SERVE,AD,140.8,2324,1252.63,111.5,649.3,808.3,OUT_WIDE,DURING_RALLY,IN,00:21:26
isaac stahly,63,45,2,GROUNDSTROKE,BACKHAND,63.5,1185,1204.1,216.6,3228.9,1315.7,LONGLINE,DURING_RALLY,IN,00:21:27
Alessandro  Santangelo,63,45,3,GROUNDSTROKE,FOREHAND,127.4,2902.67,531.75,187.6,605.9,1046.7,CROSS,WINNER,IN,00:21:29
Alessandro  Santangelo,64,46,1,SERVE,DEUCE,141.2,2532.8,853.75,141,630.4,1092.5,DOWN_THE_T,FAULT,OUT_LONG,00:21:47
Alessandro  Santangelo,65,46,1,SERVE,DEUCE,135.9,2350.97,817.15,117.9,644,1091,DOWN_THE_T,DURING_RALLY,IN,00:21:55
isaac stahly,65,46,2,GROUNDSTROKE,BACKHAND,51.4,0,0,720.5,3136.3,667.2,CENTER,DURING_RALLY,IN,00:21:56
Alessandro  Santangelo,65,46,3,VOLLEY,FOREHAND,129.1,2499.16,642.54,102.7,940.6,830.3,INSIDE_IN,WINNER,IN,00:21:59
Alessandro  Santangelo,66,47,1,SERVE,AD,135.1,2387.08,1006.48,116,653,801.2,DOWN_THE_T,DURING_RALLY,IN,00:22:18
isaac stahly,66,47,2,GROUNDSTROKE,FOREHAND,96.8,776.83,862.39,214.2,3159.3,1224.8,INSIDE_OUT,DURING_RALLY,IN,00:22:19
Alessandro  Santangelo,66,47,3,GROUNDSTROKE,FOREHAND,103.5,0,0,25.9,611.5,789.6,,ERROR,IN_NET,00:22:20
Alessandro  Santangelo,67,48,1,SERVE,DEUCE,133.2,2351.3,606.41,110.5,649.1,1100.6,OUT_WIDE,DURING_RALLY,IN,00:22:34
isaac stahly,67,48,2,GROUNDSTROKE,FOREHAND,62.7,949.76,1082.19,302.9,3161.9,512.7,CROSS,DURING_RALLY,IN,00:22:35
Alessandro  Santangelo,67,48,3,GROUNDSTROKE,FOREHAND,126.6,2782.12,610.04,149.4,604.4,1085.1,CROSS,WINNER,IN,00:22:37
Alessandro  Santangelo,68,49,1,SERVE,AD,141,2431.7,1254.34,128,658.3,804.8,WIDE,DURING_RALLY,IN,00:22:57
isaac stahly,68,49,2,GROUNDSTROKE,BACKHAND,65.8,945.61,1068.26,273.6,3241.2,1319,LONGLINE,DURING_RALLY,IN,00:22:58
Alessandro  Santangelo,68,49,3,GROUNDSTROKE,FOREHAND,120.7,2435.4,611.68,104.6,609.1,931.7,CENTER,DURING_RALLY,IN,00:23:00
isaac stahly,68,49,4,GROUNDSTROKE,FOREHAND,101.4,0,0,0,3218.7,694.1,CENTER,ERROR,,00:23:01
isaac stahly,69,50,1,SERVE,DEUCE,156.4,1227.24,1073.82,116,3031.8,805.1,BODY,DURING_RALLY,IN,00:23:28
Alessandro  Santangelo,69,50,2,GROUNDSTROKE,BACKHAND,90.4,2865.73,1079.1,202.4,655.1,1269.5,INSIDE_IN,DURING_RALLY,IN,00:23:28
isaac stahly,69,50,3,GROUNDSTROKE,BACKHAND,91.2,1313.05,740.59,108.9,3106.8,976.9,CROSS,DURING_RALLY,IN,00:23:30
Alessandro  Santangelo,69,50,4,GROUNDSTROKE,BACKHAND,85.1,2787.91,1055.22,191.3,622.3,786,CROSS,DURING_RALLY,IN,00:23:31
isaac stahly,69,50,5,GROUNDSTROKE,FOREHAND,101.7,1000.96,1068.89,157.5,3136.2,1198.1,INSIDE_IN,DURING_RALLY,IN,00:23:33
Alessandro  Santangelo,69,50,6,GROUNDSTROKE,FOREHAND,110,2703.94,1223.61,147.4,550.1,1016.9,LONGLINE,DURING_RALLY,IN,00:23:34
isaac stahly,69,50,7,GROUNDSTROKE,BACKHAND,72.4,1205.94,899.33,192.6,3297.3,1093.8,CENTER,DURING_RALLY,IN,00:23:36
Alessandro  Santangelo,69,50,8,GROUNDSTROKE,FOREHAND,97,0,0,84,736.8,756.7,,ERROR,IN_NET,00:23:38
isaac stahly,70,51,1,SERVE,AD,129.5,1421.66,706.73,100.1,3052.7,985.3,BODY,DURING_RALLY,IN,00:24:04
Alessandro  Santangelo,70,51,2,GROUNDSTROKE,BACKHAND,106.4,2758.98,1027.8,160.6,686.6,663.1,CROSS,DURING_RALLY,IN,00:24:05
isaac stahly,70,51,3,GROUNDSTROKE,BACKHAND,76.4,1207.09,1120.76,151.8,3130,1006,LONGLINE,DURING_RALLY,IN,00:24:06
Alessandro  Santangelo,70,51,4,GROUNDSTROKE,FOREHAND,126.9,2811.94,609.46,155.2,653.4,1085.5,CROSS,DURING_RALLY,IN,00:24:08
isaac stahly,70,51,5,GROUNDSTROKE,FOREHAND,85.9,865.63,715.65,239.7,3253.1,720.8,LONGLINE,DURING_RALLY,IN,00:24:09
Alessandro  Santangelo,70,51,6,GROUNDSTROKE,BACKHAND,89.8,2412.62,1173.33,125.8,593.6,865.9,CROSS,DURING_RALLY,IN,00:24:11
isaac stahly,70,51,7,GROUNDSTROKE,BACKHAND,42.1,0,0,0,3273.7,1120.5,CENTER,ERROR,,00:24:12
isaac stahly,71,52,1,SERVE,DEUCE,146.8,1410.93,916.45,103,3038.2,826.2,DOWN_THE_T,DURING_RALLY,IN,00:24:35
Alessandro  Santangelo,71,52,2,GROUNDSTROKE,BACKHAND,56,2622.93,1124.32,326.8,650.8,1198.5,INSIDE_IN,DURING_RALLY,IN,00:24:35
isaac stahly,71,52,3,GROUNDSTROKE,FOREHAND,99.8,972.63,1168.87,133.7,2958.9,1256.9,INSIDE_IN,DURING_RALLY,IN,00:24:38
Alessandro  Santangelo,71,52,4,GROUNDSTROKE,FOREHAND,72.9,2711.8,851.63,220.2,476,1045.2,CROSS,DURING_RALLY,IN,00:24:39
isaac stahly,71,52,5,GROUNDSTROKE,FOREHAND,96.1,1001.81,739.04,181.4,3006.2,932.4,CENTER,DURING_RALLY,IN,00:24:41
Alessandro  Santangelo,71,52,6,GROUNDSTROKE,BACKHAND,108,2767.11,1133.62,171.3,516.4,880.3,CROSS,DURING_RALLY,IN,00:24:42
isaac stahly,71,52,7,GROUNDSTROKE,BACKHAND,102.9,0,0,80.6,3168.6,1136.2,,ERROR,IN_NET,00:24:43
isaac stahly,72,53,1,SERVE,AD,143.2,1185.44,765.6,135.2,3042.1,969.9,BODY,FAULT,OUT_LONG,00:25:03
isaac stahly,73,53,1,SERVE,AD,129,1264.22,696.58,141.3,3050.4,986.6,BODY,DURING_RALLY,IN,00:25:10
Alessandro  Santangelo,73,53,2,GROUNDSTROKE,FOREHAND,96,2682.5,842.09,150.9,682.6,590.9,INSIDE_IN,DURING_RALLY,IN,00:25:11
isaac stahly,73,53,3,GROUNDSTROKE,FOREHAND,108,1038.22,843.43,147,3078.4,1014.6,INSIDE_OUT,DURING_RALLY,IN,00:25:12
Alessandro  Santangelo,73,53,4,GROUNDSTROKE,FOREHAND,100,2600.67,1235.81,145.4,612,797.5,INSIDE_OUT,DURING_RALLY,IN,00:25:13
isaac stahly,73,53,5,GROUNDSTROKE,BACKHAND,71,1402.33,909.48,184.5,3275.4,1215.3,CENTER,DURING_RALLY,IN,00:25:15
Alessandro  Santangelo,73,53,6,GROUNDSTROKE,FOREHAND,114.7,2797.93,1298.79,136.5,794,705.5,INSIDE_OUT,WINNER,IN,00:25:17
isaac stahly,74,54,1,SERVE,DEUCE,144.2,1315.3,1319.85,123.6,3039.3,816.9,OUT_WIDE,ACE,IN,00:25:38
isaac stahly,75,55,1,SERVE,AD,97.8,0,0,91.5,3045.2,996.7,,DURING_RALLY,IN_NET,00:26:01
isaac stahly,76,55,1,SERVE,AD,124.4,1357.61,707.02,126.4,3058.7,990.1,BODY,DURING_RALLY,OUT_WIDE,00:26:08
isaac stahly,77,55,1,SERVE,AD,146.7,0,0,90.6,3047.8,975.8,,FAULT,IN_NET,00:26:21
isaac stahly,78,55,1,SERVE,AD,136.1,0,0,71.8,3057.5,990.9,,DOUBLE_FAULT,IN_NET,00:26:35
Alessandro  Santangelo,79,56,1,SERVE,DEUCE,148.7,1282.68,1063.9,126,3049.2,740.4,BODY,DURING_RALLY,IN,00:27:20
isaac stahly,79,56,2,GROUNDSTROKE,BACKHAND,72.6,2876.97,725.8,380.9,550.6,1317.2,INSIDE_OUT,DURING_RALLY,IN,00:27:21
Alessandro  Santangelo,79,56,3,GROUNDSTROKE,BACKHAND,120.8,981.48,1177.62,155.4,3350,450.5,INSIDE_OUT,DURING_RALLY,IN,00:27:23
isaac stahly,79,56,4,GROUNDSTROKE,FOREHAND,118.2,0,0,12.7,496.9,1175.8,,ERROR,IN_NET,00:27:25
Alessandro  Santangelo,80,57,1,SERVE,AD,130.3,1409.79,633.95,100.8,3073.1,1059,OUT_WIDE,DURING_RALLY,IN,00:27:41
isaac stahly,80,57,2,GROUNDSTROKE,BACKHAND,66.2,2615.46,911.27,398.8,574.3,648,CENTER,DURING_RALLY,IN,00:27:42
Alessandro  Santangelo,80,57,3,GROUNDSTROKE,FOREHAND,116,1013.16,1199.94,145.3,2975.2,1017.9,INSIDE_IN,WINNER,IN,00:27:44
Alessandro  Santangelo,81,58,1,SERVE,DEUCE,140.1,1305.32,1214.92,116.5,3063.8,737,WIDE,DURING_RALLY,IN,00:27:58
isaac stahly,81,58,2,GROUNDSTROKE,FOREHAND,75.7,2713.7,1049.41,304.6,573.4,1360.8,LONGLINE,DURING_RALLY,IN,00:27:59
Alessandro  Santangelo,81,58,3,GROUNDSTROKE,FOREHAND,106.8,914.7,602.78,176.5,3125.7,1046.5,INSIDE_OUT,DURING_RALLY,IN,00:28:02
isaac stahly,81,58,4,GROUNDSTROKE,BACKHAND,47.5,2064.61,587.08,147.3,561.9,797.4,LONGLINE,DURING_RALLY,IN,00:28:03
Alessandro  Santangelo,81,58,5,GROUNDSTROKE,FOREHAND,93.4,1096.98,1119.25,114.5,2466.1,758.2,CROSS,WINNER,IN,00:28:05
Alessandro  Santangelo,82,59,1,SERVE,AD,135.9,1309.9,640.99,118.3,3082.6,1052.6,BODY,DURING_RALLY,IN,00:28:34
isaac stahly,82,59,2,GROUNDSTROKE,BACKHAND,104.1,2650.84,1032.33,191.4,540.1,660,CROSS,DURING_RALLY,IN,00:28:35
Alessandro  Santangelo,82,59,3,GROUNDSTROKE,BACKHAND,96.4,1135.68,1199.78,122.5,3099.7,1050.6,LONGLINE,DURING_RALLY,IN,00:28:37
isaac stahly,82,59,4,GROUNDSTROKE,FOREHAND,68.8,0,0,0,481.2,1079,CENTER,ERROR,,00:28:38
isaac stahly,83,60,1,SERVE,DEUCE,120,2294.59,676.74,115.4,653.1,1043.4,BODY,DURING_RALLY,IN,00:29:00
Alessandro  Santangelo,83,60,2,GROUNDSTROKE,FOREHAND,93.8,1033.34,1026.72,161.6,3021.9,582.6,CROSS,DURING_RALLY,IN,00:29:01
isaac stahly,83,60,3,GROUNDSTROKE,FOREHAND,104.2,0,0,92.4,577.2,1059,,ERROR,IN_NET,00:29:02
isaac stahly,84,61,1,SERVE,AD,135.1,2325.55,1061.54,105.6,646.1,872.1,BODY,DURING_RALLY,IN,00:29:20
Alessandro  Santangelo,84,61,2,GROUNDSTROKE,FOREHAND,92.5,955.34,844.36,159.5,3063.6,1201.3,INSIDE_OUT,DURING_RALLY,IN,00:29:21
isaac stahly,84,61,3,GROUNDSTROKE,FOREHAND,85.7,3173.83,961.86,366.8,629,774.3,INSIDE_OUT,ERROR,OUT_LONG,00:29:22
isaac stahly,85,62,1,SERVE,DEUCE,130.1,2360.8,471.54,103.1,663.2,1039.8,OUT_WIDE,FAULT,OUT_WIDE,00:29:32
isaac stahly,86,62,1,SERVE,DEUCE,121.3,2261.06,781.83,103.2,653.6,1038.7,BODY,DURING_RALLY,IN,00:29:39
Alessandro  Santangelo,86,62,2,GROUNDSTROKE,BACKHAND,96.5,608.58,854.54,217.2,3035.9,518.5,INSIDE_IN,ERROR,OUT_LONG,00:29:40
isaac stahly,87,63,1,SERVE,AD,119.9,2650.99,1021.49,97.9,648.5,862.3,DOWN_THE_T,FAULT,OUT_LONG,00:29:53
isaac stahly,88,63,1,SERVE,AD,110.1,2282.13,1073.65,110,653.8,865.3,BODY,DURING_RALLY,IN,00:30:00
Alessandro  Santangelo,88,63,2,GROUNDSTROKE,FOREHAND,95.4,1080.23,681.75,144.9,3028.1,1222.9,INSIDE_OUT,DURING_RALLY,IN,00:30:01
isaac stahly,88,63,3,GROUNDSTROKE,BACKHAND,76.7,2679.45,974.54,173.2,612.4,728.8,CROSS,DURING_RALLY,IN,00:30:02
Alessandro  Santangelo,88,63,4,GROUNDSTROKE,FOREHAND,111.8,916.61,1140.4,144,3015.9,1178.4,INSIDE_IN,DURING_RALLY,IN,00:30:04
isaac stahly,88,63,5,GROUNDSTROKE,FOREHAND,111.2,2816.96,1106.6,199.4,487,1062.1,LONGLINE,DURING_RALLY,IN,00:30:05
Alessandro  Santangelo,88,63,6,GROUNDSTROKE,BACKHAND,84.6,1160.32,657.68,155.2,3100.2,1035.8,CROSS,DURING_RALLY,IN,00:30:06
isaac stahly,88,63,7,GROUNDSTROKE,BACKHAND,110.8,2600.47,963.91,130.8,572.7,686.2,CROSS,DURING_RALLY,IN,00:30:08
Alessandro  Santangelo,88,63,8,GROUNDSTROKE,BACKHAND,99.8,1234.93,768.6,108,3150.6,1040.4,CROSS,DURING_RALLY,IN,00:30:09
isaac stahly,88,63,9,GROUNDSTROKE,BACKHAND,90.5,0,0,60.9,550.3,802.3,,ERROR,IN_NET,00:30:11
isaac stahly,89,64,1,SERVE,DEUCE,154.3,2578.84,780.13,0,657.9,1042.1,BODY,DURING_RALLY,OUT_LONG,00:30:27
isaac stahly,90,64,1,SERVE,DEUCE,123.7,0,0,80.8,653.7,1031.2,,FAULT,IN_NET,00:30:33
isaac stahly,91,64,1,SERVE,DEUCE,128.1,2371.97,852.25,123.3,645.9,1043.2,DOWN_THE_T,DURING_RALLY,IN,00:30:47
Alessandro  Santangelo,91,64,2,GROUNDSTROKE,BACKHAND,85.6,1071.2,687.45,155.2,3060.7,610.9,INSIDE_IN,DURING_RALLY,IN,00:30:48
isaac stahly,91,64,3,GROUNDSTROKE,BACKHAND,100.1,2879.84,809.13,186.1,599.6,819.7,LONGLINE,DURING_RALLY,IN,00:30:50
Alessandro  Santangelo,91,64,4,GROUNDSTROKE,FOREHAND,88.9,812.55,1157.45,227.2,3142.6,941.1,CENTER,DURING_RALLY,IN,00:30:51
isaac stahly,91,64,5,GROUNDSTROKE,FOREHAND,112.9,2997.03,1106.38,219.6,494.1,1102.5,LONGLINE,DURING_RALLY,IN,00:30:53
Alessandro  Santangelo,91,64,6,GROUNDSTROKE,BACKHAND,88.4,888.14,685.42,223.2,3154.9,1042.6,CROSS,DURING_RALLY,IN,00:30:54
isaac stahly,91,64,7,GROUNDSTROKE,BACKHAND,108.1,3225.08,664.08,236.3,536.6,759.3,LONGLINE,ERROR,OUT_LONG,00:30:56
